{
  "skills": {
    "blue_slash": {
      "id": "blue_slash",
      "name": "Blue Slash",
      "power": 28,
      "resCost": 2,
      "type": "physical",
      "description": "A swift slash imbued with blue resonant energy."
    },
    "spirit_strike": {
      "id": "spirit_strike",
      "name": "Spirit Strike",
      "power": 46,
      "resCost": 6,
      "type": "resonant",
      "description": "A heavy resonant strike that pierces defenses."
    },
    "ember_burst": {
      "id": "ember_burst",
      "name": "Ember Burst",
      "power": 36,
      "resCost": 5,
      "type": "special",
      "description": "A fantasy-style fire burst useful against beasts."
    }
  },
  "enemies": [
    {
      "id": "demon_imp",
      "name": "Demon Imp",
      "hpMax": 90,
      "atk": 14,
      "def": 5,
      "sprite": "enemy_demon"
    }
  ]
}